Handle,Title,Body HTML,Collection Type,Published,Sort Order,Template Suffix,Image Src,Image Alt Text,SEO Title,SEO Description,Must Match,Rule: Column,Rule: Relation,Rule: Condition
3-piece-sets,3 Piece Sets,"<p>3 Piece Sets from the Raa Vedic collection, cut for real Indian bodies and real days.</p>",Smart,TRUE,best-selling,,https://raw.githubusercontent.com/shardulpandey/raavedic-product-images/main/10001-black-01.jpg,"3 Piece Sets, Black Printed Flared Cotton Kurta Pant Dupatta Set",3 Piece Sets | Raa Vedic,"3 Piece Sets from the Raa Vedic collection, cut for real Indian bodies and real days.",all conditions,Tag,Equals,3 Piece Set
2-piece-sets,2 Piece Sets,"<p>2 Piece Sets from the Raa Vedic collection, cut for real Indian bodies and real days.</p>",Smart,TRUE,best-selling,,https://raw.githubusercontent.com/shardulpandey/raavedic-product-images/main/10053a-white-and-pink-01.jpg,"2 Piece Sets, White & Pink Floral Printed Cotton Straight Kurta Pant Set",2 Piece Sets | Raa Vedic,"2 Piece Sets from the Raa Vedic collection, cut for real Indian bodies and real days.",all conditions,Tag,Equals,2 Piece Set
kurtas,Kurtas,"<p>Kurtas from the Raa Vedic collection, cut for real Indian bodies and real days.</p>",Smart,TRUE,best-selling,,https://raw.githubusercontent.com/shardulpandey/raavedic-product-images/main/10016-white-and-black-01.jpg,"Kurtas, White & Black Printed Cotton Satin Kurta",Kurtas | Raa Vedic,"Kurtas from the Raa Vedic collection, cut for real Indian bodies and real days.",all conditions,Tag,Equals,Kurta
tops,Tops,"<p>Tops from the Raa Vedic collection, cut for real Indian bodies and real days.</p>",Smart,TRUE,best-selling,,https://raw.githubusercontent.com/shardulpandey/raavedic-product-images/main/10061-grey-01.jpg,"Tops, Grey Floral Printed Romanam Top",Tops | Raa Vedic,"Tops from the Raa Vedic collection, cut for real Indian bodies and real days.",all conditions,Tag,Equals,Top
gowns,Gowns,"<p>Gowns from the Raa Vedic collection, cut for real Indian bodies and real days.</p>",Smart,TRUE,best-selling,,https://raw.githubusercontent.com/shardulpandey/raavedic-product-images/main/6148-black-01.jpg,"Gowns, Black Floral Printed Georgette Anarkali Gown for Women",Gowns | Raa Vedic,"Gowns from the Raa Vedic collection, cut for real Indian bodies and real days.",all conditions,Tag,Equals,Gown
cotton,Cotton,"<p>Everything we make in Cotton, sourced from mills we have worked with for years.</p>",Smart,TRUE,best-selling,,https://raw.githubusercontent.com/shardulpandey/raavedic-product-images/main/10001-navy-01.jpg,"Cotton, Navy Printed Flared Cotton Kurta Pant Dupatta Set",Cotton | Raa Vedic,"Everything we make in Cotton, sourced from mills we have worked with for years.",all conditions,Tag,Equals,Cotton
cotton-flex,Cotton Flex,"<p>Everything we make in Cotton Flex, sourced from mills we have worked with for years.</p>",Smart,TRUE,best-selling,,https://raw.githubusercontent.com/shardulpandey/raavedic-product-images/main/10009-navy-01.jpg,"Cotton Flex, Navy Cotton Flex Straight Kurta",Cotton Flex | Raa Vedic,"Everything we make in Cotton Flex, sourced from mills we have worked with for years.",all conditions,Tag,Equals,Cotton Flex
cotton-satin,Cotton Satin,"<p>Everything we make in Cotton Satin, sourced from mills we have worked with for years.</p>",Smart,TRUE,best-selling,,https://raw.githubusercontent.com/shardulpandey/raavedic-product-images/main/10013-white-and-black-01.jpg,"Cotton Satin, White & Black Embroidered Cotton Satin Straight Kurta Pant Dupatta Set",Cotton Satin | Raa Vedic,"Everything we make in Cotton Satin, sourced from mills we have worked with for years.",all conditions,Tag,Equals,Cotton Satin
rayon,Rayon,"<p>Everything we make in Rayon, sourced from mills we have worked with for years.</p>",Smart,TRUE,best-selling,,https://raw.githubusercontent.com/shardulpandey/raavedic-product-images/main/10022-white-and-navy-01.jpg,"Rayon, White & Navy Embroidered Rayon Straight Kurta Pant Dupatta Set",Rayon | Raa Vedic,"Everything we make in Rayon, sourced from mills we have worked with for years.",all conditions,Tag,Equals,Rayon
romanam,Romanam,"<p>Everything we make in Romanam, sourced from mills we have worked with for years.</p>",Smart,TRUE,best-selling,,https://raw.githubusercontent.com/shardulpandey/raavedic-product-images/main/10069-green-01.jpg,"Romanam, Green Printed Romanam Top",Romanam | Raa Vedic,"Everything we make in Romanam, sourced from mills we have worked with for years.",all conditions,Tag,Equals,Romanam
fendy-silk,Fendy Silk,"<p>Everything we make in Fendy Silk, sourced from mills we have worked with for years.</p>",Smart,TRUE,best-selling,,https://raw.githubusercontent.com/shardulpandey/raavedic-product-images/main/10003-peach-01.jpg,"Fendy Silk, Peach Floral Printed Fendy Silk Straight Kurta Pant Set |",Fendy Silk | Raa Vedic,"Everything we make in Fendy Silk, sourced from mills we have worked with for years.",all conditions,Tag,Equals,Fendy Silk
office-wear,Office Wear,<p>Pieces chosen for Office Wear.</p>,Smart,TRUE,best-selling,,https://raw.githubusercontent.com/shardulpandey/raavedic-product-images/main/10007-sage-green-01.jpg,"Office Wear, Sage Green Embroidered Shimmer Tissue Straight Kurta Pant Dupatta Set",Office Wear | Raa Vedic,Pieces chosen for Office Wear.,all conditions,Tag,Equals,Office Wear
festive,Festive,<p>Pieces chosen for Festive.</p>,Smart,TRUE,best-selling,,https://raw.githubusercontent.com/shardulpandey/raavedic-product-images/main/10031-navy-01.jpg,"Festive, Navy Embroidered Velvet Straight Kurta Pant Set",Festive | Raa Vedic,Pieces chosen for Festive.,all conditions,Tag,Equals,Festive
family-gatherings,Family Gatherings,<p>Pieces chosen for Family Gatherings.</p>,Smart,TRUE,best-selling,,https://raw.githubusercontent.com/shardulpandey/raavedic-product-images/main/10054-a-white-and-pink-01.jpg,"Family Gatherings, White & Pink Floral Printed Cotton Straight Kurta Pant Set",Family Gatherings | Raa Vedic,Pieces chosen for Family Gatherings.,all conditions,Tag,Equals,Family Gatherings
daily-wear,Daily Wear,<p>Pieces chosen for Daily Wear.</p>,Smart,TRUE,best-selling,,https://raw.githubusercontent.com/shardulpandey/raavedic-product-images/main/10052a-yellow-01.jpg,"Daily Wear, Yellow Embroidered Cotton Straight Kurta Pant Set",Daily Wear | Raa Vedic,Pieces chosen for Daily Wear.,all conditions,Tag,Equals,Daily Wear
casual,Casual,<p>Pieces chosen for Casual.</p>,Smart,TRUE,best-selling,,https://raw.githubusercontent.com/shardulpandey/raavedic-product-images/main/10009-b-pink-01.jpg,"Casual, B.Pink Cotton Flex Straight Kurta",Casual | Raa Vedic,Pieces chosen for Casual.,all conditions,Tag,Equals,Casual
daytime-celebrations,Daytime Celebrations,<p>Pieces chosen for Daytime Celebrations.</p>,Smart,TRUE,best-selling,,https://raw.githubusercontent.com/shardulpandey/raavedic-product-images/main/10041-peach-01.jpg,"Daytime Celebrations, Peach Embroidered Rayon Straight Kurta Pant Dupatta Set",Daytime Celebrations | Raa Vedic,Pieces chosen for Daytime Celebrations.,all conditions,Tag,Equals,Daytime Celebrations
wedding,Wedding,<p>Pieces chosen for Wedding.</p>,Smart,TRUE,best-selling,,https://raw.githubusercontent.com/shardulpandey/raavedic-product-images/main/10007-sage-green-01.jpg,"Wedding, Sage Green Embroidered Shimmer Tissue Straight Kurta Pant Dupatta Set",Wedding | Raa Vedic,Pieces chosen for Wedding.,all conditions,Tag,Equals,Wedding
black,Black,<p>Every Black piece in the collection.</p>,Smart,TRUE,best-selling,,https://raw.githubusercontent.com/shardulpandey/raavedic-product-images/main/10001-black-01.jpg,"Black, Black Printed Flared Cotton Kurta Pant Dupatta Set",Black | Raa Vedic,Every Black piece in the collection.,all conditions,Tag,Equals,Black
navy,Navy,<p>Every Navy piece in the collection.</p>,Smart,TRUE,best-selling,,https://raw.githubusercontent.com/shardulpandey/raavedic-product-images/main/10001-navy-01.jpg,"Navy, Navy Printed Flared Cotton Kurta Pant Dupatta Set",Navy | Raa Vedic,Every Navy piece in the collection.,all conditions,Tag,Equals,Navy
blue,Blue,<p>Every Blue piece in the collection.</p>,Smart,TRUE,best-selling,,https://raw.githubusercontent.com/shardulpandey/raavedic-product-images/main/10003-blue-01.jpg,"Blue, Blue Floral Printed Fendy Silk Straight Kurta Pant Set",Blue | Raa Vedic,Every Blue piece in the collection.,all conditions,Tag,Equals,Blue
white,White,<p>Every White piece in the collection.</p>,Smart,TRUE,best-selling,,https://raw.githubusercontent.com/shardulpandey/raavedic-product-images/main/10019-blue-and-white-01.jpg,"White, White & Blue Embroidered Cotton Kurta",White | Raa Vedic,Every White piece in the collection.,all conditions,Tag,Equals,White
off-white,Off White,<p>Every Off White piece in the collection.</p>,Smart,TRUE,best-selling,,https://raw.githubusercontent.com/shardulpandey/raavedic-product-images/main/10051-off-white-01.jpg,"Off White, Off White Embroidered Organza A-Line Kurta Pant Set",Off White | Raa Vedic,Every Off White piece in the collection.,all conditions,Tag,Equals,Off White
pink,Pink,<p>Every Pink piece in the collection.</p>,Smart,TRUE,best-selling,,https://raw.githubusercontent.com/shardulpandey/raavedic-product-images/main/10053a-white-and-pink-01.jpg,"Pink, White & Pink Floral Printed Cotton Straight Kurta Pant Set",Pink | Raa Vedic,Every Pink piece in the collection.,all conditions,Tag,Equals,Pink
peach,Peach,<p>Every Peach piece in the collection.</p>,Smart,TRUE,best-selling,,https://raw.githubusercontent.com/shardulpandey/raavedic-product-images/main/10036-peach-01.jpg,"Peach, Peach Embroidered Cotton Flex Straight Kurta Pant Dupatta Set",Peach | Raa Vedic,Every Peach piece in the collection.,all conditions,Tag,Equals,Peach
lavender,Lavender,<p>Every Lavender piece in the collection.</p>,Smart,TRUE,best-selling,,https://raw.githubusercontent.com/shardulpandey/raavedic-product-images/main/10064-lavender-01.jpg,"Lavender, Lavender Floral Printed Romanam Top",Lavender | Raa Vedic,Every Lavender piece in the collection.,all conditions,Tag,Equals,Lavender
olive,Olive,<p>Every Olive piece in the collection.</p>,Smart,TRUE,best-selling,,https://raw.githubusercontent.com/shardulpandey/raavedic-product-images/main/10062-olive-01.jpg,"Olive, Olive Floral Printed Romanam Top",Olive | Raa Vedic,Every Olive piece in the collection.,all conditions,Tag,Equals,Olive
sea-green,Sea Green,<p>Every Sea Green piece in the collection.</p>,Smart,TRUE,best-selling,,https://raw.githubusercontent.com/shardulpandey/raavedic-product-images/main/10037-sea-green-01.jpg,"Sea Green, Sea Green Embroidered Cotton Flex Straight Kurta Pant Dupatta Set",Sea Green | Raa Vedic,Every Sea Green piece in the collection.,all conditions,Tag,Equals,Sea Green
under-rs-1500,Under Rs. 1500,<p>Raa Vedic Under Rs. 1500.</p>,Smart,TRUE,best-selling,,https://raw.githubusercontent.com/shardulpandey/raavedic-product-images/main/10063-off-white-01.jpg,"Under Rs. 1500, Off White Floral Printed Romanam Top",Under Rs. 1500 | Raa Vedic,Raa Vedic Under Rs. 1500.,all conditions,Tag,Equals,Under 1500
rs-1500-to-rs-2500,Rs. 1500 to Rs. 2500,<p>Raa Vedic Rs. 1500 to Rs. 2500.</p>,Smart,TRUE,best-selling,,https://raw.githubusercontent.com/shardulpandey/raavedic-product-images/main/10003-lavender-01.jpg,"Rs. 1500 to Rs. 2500, Lavender Floral Printed Fendy Silk Straight Kurta Pant Dupatta Set",Rs. 1500 to Rs. 2500 | Raa Vedic,Raa Vedic Rs. 1500 to Rs. 2500.,all conditions,Tag,Equals,1500 to 2500
rs-2500-to-rs-3500,Rs. 2500 to Rs. 3500,<p>Raa Vedic Rs. 2500 to Rs. 3500.</p>,Smart,TRUE,best-selling,,https://raw.githubusercontent.com/shardulpandey/raavedic-product-images/main/10014-maroon-and-off-white-01.jpg,"Rs. 2500 to Rs. 3500, Maroon & Off White Embroidered Cotton Satin Straight Kurta Pant Dupatta Set",Rs. 2500 to Rs. 3500 | Raa Vedic,Raa Vedic Rs. 2500 to Rs. 3500.,all conditions,Tag,Equals,2500 to 3500
above-rs-3500,Above Rs. 3500,<p>Raa Vedic Above Rs. 3500.</p>,Smart,TRUE,best-selling,,https://raw.githubusercontent.com/shardulpandey/raavedic-product-images/main/10001-black-01.jpg,"Above Rs. 3500, Black Printed Flared Cotton Kurta Pant Dupatta Set",Above Rs. 3500 | Raa Vedic,Raa Vedic Above Rs. 3500.,all conditions,Tag,Equals,Above 3500
under-the-neem-trees,Under the Neem Trees,"<p>The full Under the Neem Trees shoot, every piece in the drop.</p>",Smart,TRUE,best-selling,,https://raw.githubusercontent.com/shardulpandey/raavedic-product-images/main/10023-olive-01.jpg,"Under the Neem Trees, Olive Embroidered Cotton Satin Kurta Set with Pants & Dupatta Product Description",Under the Neem Trees | Raa Vedic,"The full Under the Neem Trees shoot, every piece in the drop.",all conditions,Tag,Equals,Under the Neem Trees
bestsellers,Bestsellers,<p>The pieces moving fastest right now.</p>,Smart,TRUE,best-selling,,https://raw.githubusercontent.com/shardulpandey/raavedic-product-images/main/10001-black-01.jpg,"Bestsellers, Black Printed Flared Cotton Kurta Pant Dupatta Set",Bestsellers | Raa Vedic,The pieces moving fastest right now.,all conditions,Tag,Equals,Bestseller
new-arrivals,New Arrivals,<p>The newest additions to the collection.</p>,Smart,TRUE,best-selling,,https://raw.githubusercontent.com/shardulpandey/raavedic-product-images/main/10025-off-white-01.jpg,"New Arrivals, Off White Embroidered Rayon Straight Kurta Pant Dupatta Set",New Arrivals | Raa Vedic,The newest additions to the collection.,all conditions,Tag,Equals,New Arrival
